{"cameraMode":{"drawMode":0,"name":"Shaded","section":"Shading Mode"},"sceneLighting":true,"audioPlay":false,"sceneViewState":{"m_AlwaysRefresh":false,"showFog":true,"showSkybox":true,"showFlares":true,"showImageEffects":true,"showParticleSystems":true,"showVisualEffectGraphs":true,"m_FxEnabled":true},"in2DMode":false,"pivot":{"x":19.421321868896486,"y":-0.2353847622871399,"z":-0.09604872763156891},"rotation":{"x":-0.18469534814357758,"y":0.7080550193786621,"z":-0.20077767968177796,"w":-0.6513366103172302},"size":0.9812451601028442,"orthographic":false}